IlmnID,Name,AddressA_ID,AlleleA_ProbeSeq,AddressB_ID,AlleleB_ProbeSeq,Infinium_Design_Type,Next_Base,Color_Channel,Forward_Sequence,Genome_Build,CHR,MAPINFO,SourceSeq,Strand,UCSC_RefGene_Name,UCSC_RefGene_Accession,UCSC_RefGene_Group,UCSC_CpG_Islands_Name,Relation_to_UCSC_CpG_Island,Phantom4_Enhancers,Phantom5_Enhancers,DMR,450k_Enhancer,HMM_Island,Regulatory_Feature_Name,Regulatory_Feature_Group,GencodeBasicV12_NAME,GencodeBasicV12_Accession,GencodeBasicV12_Group,GencodeCompV12_NAME,GencodeCompV12_Accession,GencodeCompV12_Group,DNase_Hypersensitivity_NAME,DNase_Hypersensitivity_Evidence_Count,OpenChromatin_NAME,OpenChromatin_Evidence_Count,TFBS_NAME,TFBS_Evidence_Count,Methyl27_Loci,Methyl450_Loci,Chromosome_36,Coordinate_36,SNP_ID,SNP_DISTANCE,SNP_MinorAlleleFrequency,Random_Loci,MFG_Change_Flagged,CHR_hg38,Start_hg38,End_hg38,Strand_hg38
cg16313227,cg16313227,0059692978,TTTAAAATATCAACCRAAAATAATAACTACRACTATTATCCCAACTATTC,,,II,,,CTACAAAAAATTTTAAAATATCAGCCGGGGGTGGTGGCTGCGGCTGTTGTCCCAGCTATT[CG]GGGGAGCTGAGGCGGCAGAATCGCTTAAACCTGGGAGGCGGAGGTTGCAGTGAGTTGAGA,37.0,11,638974.0,TTAAAATATCAGCCGGGGGTGGTGGCTGCGGCTGTTGTCCCAGCTATTCG,R,DRD4,NM_000797,Body,chr11:636906-640628,Island,,,,,,,,DRD4,ENST00000528733.1,TSS200,DRD4,ENST00000528733.1,TSS200,chr11:638565-638995,3.0,,,,,,,11,628974,rs570238783;rs536186205,35;33,0.000399;0.000200,,False,chr11,638973.0,638975.0,+
cg07212818,cg07212818,0074672167,ACACACCTAATACAAATACTAACACACCCCCAAAAAAAAACTCACAACTC,,,II,,,CTGCCCACCACACACACCTAGTGCAGATGCTGGCACACCCCCAGAAGGAGGCTCACAGCT[CG]CAGGGGAGACCTGGGCTGGACAAAACCCAGGGGAGGGGAGGGTGTGTGGGGACCAGGCCC,37.0,11,638076.0,CACACCTAGTGCAGATGCTGGCACACCCCCAGAAGGAGGCTCACAGCTCG,R,DRD4,NM_000797,Body,chr11:636906-640628,Island,,,,,,11:636735-638506,Unclassified_Cell_type_specific,DRD4,ENST00000528733.1,TSS1500,DRD4,ENST00000528733.1,TSS1500,chr11:637825-638195,3.0,,,,,,True,11,628076,rs115341449,37,0.009585,,False,chr11,638075.0,638077.0,+
cg20411756,cg20411756,0052636295,TTAATCCCTAAAACCTAACCATCAAACCAAAAAACATCCAAAAATACCCA,0049713896,TTAATCCCTAAAACCTAACCATCAAACCGAAAAACGTCCGAAAATACCCG,I,A,Red,TGTCTTCAACGCCGAGTTCCGCAACGTCTTCCGCAAGGCCCTGCGTGCCTGCTGCTGAGC[CG]GGCACCCCCGGACGCCCCCCGGCCTGATGGCCAGGCCTCAGGGACCAAGGAGATGGGGAG,37.0,11,640606.0,CGGGCACCCCCGGACGCCCCCCGGCCTGATGGCCAGGCCTCAGGGACCAA,F,DRD4,NM_000797,3'UTR,chr11:636906-640628,Island,,,,,,11:639166-641165,Unclassified_Cell_type_specific,DRD4,ENST00000176183.5,3'UTR,DRD4,ENST00000176183.5,3'UTR,chr11:640425-641695,3.0,,,,,,True,11,630606,rs369869458;rs201902931;rs370728840;rs531147000,0;1;11;17,0.000200;0.000399;0.000399;0.000200,,False,chr11,640605.0,640607.0,-
cg02762115,cg02762115,0035609570,CCAAAAACCTTCCTACTATACTAAACRCCCTTCTTCRTAATACACATCAC,,,II,,,TCTCGGCGCCCCCAGGGGCCTTCCTGCTGTGCTGGACGCCCTTCTTCGTGGTGCACATCA[CG]CAGGCGCTGTGTCCTGCCTGCTCCGTGCCCCCGCGGCTGGTCAGCGCCGTCACCTGGCTG,37.0,11,640446.0,CAGGGGCCTTCCTGCTGTGCTGGACGCCCTTCTTCGTGGTGCACATCACG,R,DRD4,NM_000797,Body,chr11:636906-640628,Island,,,,,11:629374-630590,11:639166-641165,Unclassified_Cell_type_specific,,,,,,,chr11:640425-641695,3.0,,,,,,True,11,630446,rs199628904;rs201886833;rs200086731,37;31;30,0.000200;0.001000;0.001000,,False,chr11,640445.0,640447.0,+
cg09133032,cg09133032,0013759172,CACAAAAAACACACAATCAAAACCACAAAAATCCTAAAAAAAACTAAACA,0083602238,CGCGAAAAACGCACAATCGAAACCGCAAAAATCCTAAAAAAAACTAAACG,I,C,Grn,GTGCGCCCCCCGCGCCCGGCCTTCCCCGGGGTCCCTGCGGCCCCGACTGTGCGCCCGCCG[CG]CCCAGCCTCCCCCAGGACCCCTGCGGCCCCGACTGTGCGCCCCCCGCGCCCGGCCTCCCC,37.0,11,640094.0,CGCGGGGGGCGCACAGTCGGGGCCGCAGGGGTCCTGGGGGAGGCTGGGCG,F,DRD4,NM_000797,Body,chr11:636906-640628,Island,,,DMR,,11:629374-630590,11:639166-641165,Unclassified_Cell_type_specific,,,,,,,,,chr11:635585-643130,6.0,,,,True,11,630094,rs34662058;rs762502;rs544949382,5;25;39,0.260982;0.336661;0.000399,,False,chr11,640093.0,640095.0,-
cg03909863,cg03909863,0005738142,ACCAATTTAAAAAAATTAAAAACTTAAACATCATCACTATAACATCTACA,0045713843,GCCGATTTAAAAAAATTAAAAACTTAAACGTCGTCACTATAACGTCTACG,I,A,Red,CAGGCGGCTGGGGCAGAGACCAGCAGCACGGGACACGCGTGACCTGTGCTCCTTTCGAGC[CG]CAGACGTCACAGTGACGACGTTTAAGCTCCTAATCTCCCCAAATCGGCGGGAAGGATTAG,37.0,11,638404.0,GCCGATTTGGGGAGATTAGGAGCTTAAACGTCGTCACTGTGACGTCTGCG,F,DRD4,NM_000797,Body,chr11:636906-640628,Island,,,,,11:628372-628508,11:636735-638506,Unclassified_Cell_type_specific,DRD4,ENST00000528733.1,TSS1500,DRD4,ENST00000528733.1,TSS1500,chr11:638205-638515,3.0,,,,,,True,11,628404,rs555962517;rs572563795;rs146523158,6;17;33,0.001398;0.000399;0.000200,,False,chr11,638403.0,638405.0,-
cg03855291,cg03855291,0089618273,CRAATCACAAAAACCCRCRATAACTAAAAAACCTCAAAACCTATAATATC,,,II,,,AAGAGTGGGGGCGGGTCACAAGGGCCCGCGGTGGCTGGGAAACCTCAGGGCCTGTGGTGT[CG]CCGCGCAGGTCCAGGGTGGCGCGTGGCTGCTGAGCCCCCGCCTGTGCGACGCCCTCATGG,37.0,11,639423.0,GGGTCACAAGGGCCCGCGGTGGCTGGGAAACCTCAGGGCCTGTGGTGTCG,R,DRD4,NM_000797,Body,chr11:636906-640628,Island,,,,,11:629374-630590,11:639166-641165,Unclassified_Cell_type_specific,DRD4;DRD4,ENST00000528733.1;ENST00000176183.5,5'UTR;ExonBnd,DRD4;DRD4,ENST00000528733.1;ENST00000176183.5,5'UTR;ExonBnd,chr11:639100-639995,3.0,,,,,,True,11,629423,rs28540443;rs549658123,51;42,0.021565;0.000399,,False,chr11,639422.0,639424.0,+
cg09386376,cg09386376,0055810248,TAAAAAACATACCAAACCTAATCTCTACAAAAAATTTTAAAATATCAACC,,,II,,,TGAGACCAGCCTGGGAAACATACCAGGCCTGGTCTCTACAAAAAATTTTAAAATATCAGC[CG]GGGGTGGTGGCTGCGGCTGTTGTCCCAGCTATTCGGGGGAGCTGAGGCGGCAGAATCGCT,37.0,11,638939.0,GGGAAACATACCAGGCCTGGTCTCTACAAAAAATTTTAAAATATCAGCCG,R,DRD4,NM_000797,Body,chr11:636906-640628,Island,,,,,,,,DRD4,ENST00000528733.1,TSS200,DRD4,ENST00000528733.1,TSS200,chr11:638565-638995,3.0,,,,,,True,11,628939,,,,,False,chr11,638938.0,638940.0,+
cg11335335,cg11335335,0003628837,TACCCTAAAAATAAAATCCAACTACRAAAAAAACTAAACTTAACAAAATC,,,II,,,GTCTTGGCGTCTGTTATCCAGGAGATGCCCGTCCTTCTATCCAGGGACCCCGGAAACAGG[CG]ACTTTGTCAAGCCCAGTCCCCTCCGTAGCTGGATTTCACCTCCAGGGCAGCCAGCTGGAC,37.0,11,637885.0,GCCCTGGAGGTGAAATCCAGCTACGGAGGGGACTGGGCTTGACAAAGTCG,F,DRD4,NM_000797,Body,chr11:636906-640628,Island,,,,True,,11:636735-638506,Unclassified_Cell_type_specific,DRD4,ENST00000528733.1,TSS1500,DRD4,ENST00000528733.1,TSS1500,chr11:637825-638195,3.0,,,,,,True,11,627885,rs562014301;rs527815615;rs72844728,21;43;48,0.000200;0.000200;0.224241,,False,chr11,637884.0,637886.0,-
cg05717871,cg05717871,0077785337,AAAATTAAAAAAACTACCTACTCCTTTACCCTTAAAAAAAATCACTCCAC,,,II,,,AATCGGCGGGAAGGATTAGAGGGGCTGCCTGCTCCTTTGCCCTTGGAGAGAGTCACTCCA[CG]TGGAGTCCTACGCTGGGCACTGGGCACGGTCTTCATATTTTTAATTATAATTTATCTTCA,37.0,11,638507.0,GGATTAGAGGGGCTGCCTGCTCCTTTGCCCTTGGAGAGAGTCACTCCACG,R,DRD4,NM_000797,Body,chr11:636906-640628,Island,,,,,11:628372-628508,,,DRD4,ENST00000528733.1,TSS1500,DRD4,ENST00000528733.1,TSS1500,chr11:638205-638515,3.0,,,,,,True,11,628507,rs564574393;rs191215577,26;2,0.000599;0.001398,,False,chr11,638506.0,638508.0,+
